1-place-value/place-value-1.png
2-rounding-off-rules/round-off-rules-1.png
3-patterns/patterns-1.png
3-patterns/patterns-2.png
3-patterns/patterns-3.png
3-patterns/patterns-4.png
3-patterns/patterns-5.png
3-patterns/patterns-6.png
3-patterns/patterns-7.png
3-patterns/patterns-8.png
3-patterns/patterns-9.png
3-patterns/patterns-10.png
3-patterns/patterns-11.png
3-patterns/patterns-12.png
3-patterns/patterns-13.png
4-fractions-common-denom/common-denom-1.png
4-fractions-common-denom/common-denom-2.png
4-fractions-common-denom/common-denom-3.png
4-fractions-common-denom/common-denom-4.png
4-fractions-common-denom/common-denom-5.png
4-fractions-common-denom/common-denom-6.png
4-fractions-common-denom/common-denom-7.png
4-fractions-common-denom/common-denom-8.png
4-fractions-common-denom/common-denom-9.png
4-fractions-common-denom/common-denom-10.png
4-fractions-common-denom/common-denom-11.png
4-fractions-common-denom/common-denom-12.png
4-fractions-common-denom/common-denom-13.png
4-fractions-common-denom/common-denom-14.png
4-fractions-common-denom/common-denom-15.png
4-fractions-common-denom/common-denom-16.png
5-probability/probability-4.png
5-probability/probability-5.png
5-probability/probability-6.png
5-probability/probability-11.png
6-proportions-set-up/proportion-set-up-1.png
6-proportions-set-up/proportion-set-up-2.png
6-proportions-set-up/proportion-set-up-3.png
6-proportions-set-up/proportion-set-up-4.png
6-proportions-set-up/proportion-set-up-5.png
6-proportions-set-up/proportion-set-up-6.png
6-proportions-set-up/proportion-set-up-7.png
6-proportions-set-up/proportion-set-up-8.png
7-proportions-shadows-and-triangles/shadows-and-triangles-1.png
7-proportions-shadows-and-triangles/shadows-and-triangles-2.png
7-proportions-shadows-and-triangles/shadows-and-triangles-3.png
7-proportions-shadows-and-triangles/shadows-and-triangles-4.png
7-proportions-shadows-and-triangles/shadows-and-triangles-5.png
7-proportions-shadows-and-triangles/shadows-and-triangles-6.png
7-proportions-shadows-and-triangles/shadows-and-triangles-7.png
7-proportions-shadows-and-triangles/shadows-and-triangles-8.png
7-proportions-shadows-and-triangles/shadows-and-triangles-9.png
7-proportions-shadows-and-triangles/shadows-and-triangles-10.png
7-proportions-shadows-and-triangles/shadows-and-triangles-12.png
7-proportions-shadows-and-triangles/shadows-and-triangles-14.png
7-proportions-shadows-and-triangles/shadows-and-triangles-16.png
7-proportions-shadows-and-triangles/shadows-and-triangles-17.png
7-proportions-shadows-and-triangles/shadows-and-triangles-18.png
7-proportions-shadows-and-triangles/shadows-and-triangles-20.png
8-angles-dbc/angle-dbc-1.png
8-angles-dbc/angle-dbc-2.png
8-angles-dbc/angle-dbc-3.png
8-angles-dbc/angle-dbc-4.png
8-angles-dbc/angle-dbc-5.png
8-angles-dbc/angle-dbc-6.png
8-angles-dbc/angle-dbc-7.png
8-angles-dbc/angle-dbc-8.png
8-angles-dbc/angle-dbc-9.png
8-angles-dbc/angle-dbc-10.png
8-angles-dbc/angle-dbc-11.png
8-angles-dbc/angle-dbc-12.png
8-angles-dbc/angle-dbc-13.png
8-angles-dbc/angle-dbc-14.png
8-angles-dbc/angle-dbc-15.png
8-angles-dbc/angle-dbc-16.png
8-angles-dbc/angle-dbc-17.png
8-angles-dbc/angle-dbc-18.png
8-angles-dbc/angle-dbc-19.png
8-angles-dbc/angle-dbc-20.png
8-angles-dbc/angle-dbc-21.png
8-angles-dbc/angle-dbc-23.png
8-angles-dbc/angle-dbc-24.png
8-angles-dbc/angle-dbc-25.png
9-triangles-1/1-triangles-1.png
9-triangles-1/1-triangles-2.png
9-triangles-1/1-triangles-3.png
9-triangles-1/1-triangles-4.png
9-triangles-1/1-triangles-5.png
9-triangles-1/1-triangles-6.png
9-triangles-1/1-triangles-7.png
9-triangles-1/1-triangles-8.png
9-triangles-1/1-triangles-9.png
9-triangles-1/1-triangles-10.png
9-triangles-1/1-triangles-11.png
10-triangles-2/2-triangles-1.png
10-triangles-2/2-triangles-2.png
10-triangles-2/2-triangles-3.png
10-triangles-2/2-triangles-4.png
10-triangles-2/2-triangles-5.png
10-triangles-2/2-triangles-6.png
10-triangles-2/2-triangles-7.png
10-triangles-2/2-triangles-8.png
10-triangles-2/2-triangles-9.png
10-triangles-2/2-triangles-19.png
10-triangles-2/2-triangles-21.png
10-triangles-2/2-triangles-22.png
10-triangles-2/2-triangles-23.png
10-triangles-2/2-triangles-24.png
10-triangles-2/2-triangles-25.png
10-triangles-2/2-triangles-26.png
10-triangles-2/2-triangles-27.png
10-triangles-2/2-triangles-28.png
10-triangles-2/2-triangles-29.png
10-triangles-2/2-triangles-30.png
10-triangles-2/2-triangles-31.png
10-triangles-2/2-triangles-32.png
10-triangles-2/2-triangles-34.png
11-perimeter/perimeter-2.png
11-perimeter/perimeter-3.png
11-perimeter/perimeter-5.png
11-perimeter/perimeter-6.png
11-perimeter/perimeter-9.png
12-square-rootradical/square-1.png
12-square-rootradical/square-2.png
12-square-rootradical/square-3.png
12-square-rootradical/square-4.png
12-square-rootradical/square-5.png
12-square-rootradical/square-6.png
12-square-rootradical/square-7.png
12-square-rootradical/square-8.png
12-square-rootradical/square-9.png
12-square-rootradical/square-10.png
12-square-rootradical/square-11.png
12-square-rootradical/square-16-option-1.png
12-square-rootradical/square-16-option-2.png
12-square-rootradical/square-16-option-3.png
12-square-rootradical/square-16-option-4.png
12-square-rootradical/square-16.png
12-square-rootradical/square-17-option-1.png
12-square-rootradical/square-17-option-2.png
12-square-rootradical/square-17-option-3.png
12-square-rootradical/square-17-option-4.png
12-square-rootradical/square-17.png
12-square-rootradical/square-18-option-1.png
12-square-rootradical/square-18-option-2.png
12-square-rootradical/square-18-option-3.png
12-square-rootradical/square-18-option-4.png
12-square-rootradical/square-18.png
12-square-rootradical/square-19.png
12-square-rootradical/square-20.png
12-square-rootradical/square-21-option-1.png
12-square-rootradical/square-21-option-2.png
12-square-rootradical/square-21-option-3.png
12-square-rootradical/square-21-option-4.png
12-square-rootradical/square-21.png
12-square-rootradical/square-22-option-1.png
12-square-rootradical/square-22-option-2.png
12-square-rootradical/square-22-option-3.png
12-square-rootradical/square-22-option-4.png
12-square-rootradical/square-22.png
12-square-rootradical/square-23-option-1.png
12-square-rootradical/square-23-option-2.png
12-square-rootradical/square-23-option-3.png
12-square-rootradical/square-23-option-4.png
12-square-rootradical/square-23.png
12-square-rootradical/square-24-option-1.png
12-square-rootradical/square-24-option-2.png
12-square-rootradical/square-24-option-3.png
12-square-rootradical/square-24-option-4.png
12-square-rootradical/square-24.png
12-square-rootradical/square-25-option-1.png
12-square-rootradical/square-25-option-2.png
12-square-rootradical/square-25-option-3.png
12-square-rootradical/square-25-option-4.png
12-square-rootradical/square-25.png
13area/area-5.png
13area/area-6.png
13area/area-10.png
13area/area-13.png
15-review-perimeterarea/review-perimeterarea-1.png
15-review-perimeterarea/review-perimeterarea-2.png
15-review-perimeterarea/review-perimeterarea-3.png
15-review-perimeterarea/review-perimeterarea-6.png
15-review-perimeterarea/review-perimeterarea-11.png
15-review-perimeterarea/review-perimeterarea-12.png
15-review-perimeterarea/review-perimeterarea-13.png
16-review-after-perimeterareavolume/review-after-perimeter-area-volume-1.png
16-review-after-perimeterareavolume/review-after-perimeter-area-volume-3.png
16-review-after-perimeterareavolume/review-after-perimeter-area-volume-7.png
16-review-after-perimeterareavolume/review-after-perimeter-area-volume-11.png
16-review-after-perimeterareavolume/review-after-perimeter-area-volume-14.png
16-review-after-perimeterareavolume/review-after-perimeter-area-volume-15.png
16-review-after-perimeterareavolume/review-after-perimeter-area-volume-16.png
16-review-after-perimeterareavolume/review-after-perimeter-area-volume-18.png
16-review-after-perimeterareavolume/review-after-perimeter-area-volume-20.png
16-review-after-perimeterareavolume/review-after-perimeter-area-volume-21.png
16-review-after-perimeterareavolume/review-after-perimeter-area-volume-26.png
16-review-after-perimeterareavolume/review-after-perimeter-area-volume-27.png
16-review-after-perimeterareavolume/review-after-perimeter-area-volume-28.png
16-review-after-perimeterareavolume/review-after-perimeter-area-volume-31.png
16-review-after-perimeterareavolume/review-after-perimeter-area-volume-34.png
16-review-after-perimeterareavolume/review-after-perimeter-area-volume-35.png
16-review-after-perimeterareavolume/review-after-perimeter-area-volume-38.png
16-review-after-perimeterareavolume/review-after-perimeter-area-volume-39.png
16-review-after-perimeterareavolume/review-after-perimeter-area-volume-48.png
16-review-after-perimeterareavolume/review-after-perimeter-area-volume-56.png
17-scientific-notation/scientific-1-option-1.png
17-scientific-notation/scientific-1-option-2.png
17-scientific-notation/scientific-1-option-3.png
17-scientific-notation/scientific-1-option-4.png
17-scientific-notation/scientific-1.png
17-scientific-notation/scientific-2-option-1.png
17-scientific-notation/scientific-2-option-2.png
17-scientific-notation/scientific-2-option-3.png
17-scientific-notation/scientific-2-option-4.png
17-scientific-notation/scientific-2.png
17-scientific-notation/scientific-3-option-1.png
17-scientific-notation/scientific-3-option-2.png
17-scientific-notation/scientific-3-option-3.png
17-scientific-notation/scientific-3-option-4.png
17-scientific-notation/scientific-3.png
17-scientific-notation/scientific-4-option-1.png
17-scientific-notation/scientific-4-option-2.png
17-scientific-notation/scientific-4-option-3.png
17-scientific-notation/scientific-4-option-4.png
17-scientific-notation/scientific-4.png
17-scientific-notation/scientific-5-option-1.png
17-scientific-notation/scientific-5-option-2.png
17-scientific-notation/scientific-5-option-3.png
17-scientific-notation/scientific-5-option-4.png
17-scientific-notation/scientific-5.png
17-scientific-notation/scientific-6-option-1.png
17-scientific-notation/scientific-6-option-2.png
17-scientific-notation/scientific-6-option-3.png
17-scientific-notation/scientific-6-option-4.png
17-scientific-notation/scientific-6.png
17-scientific-notation/scientific-7.png
17-scientific-notation/scientific-8.png
17-scientific-notation/scientific-9.png
17-scientific-notation/scientific-10.png
17-scientific-notation/scientific-11.png
17-scientific-notation/scientific-12.png
17-scientific-notation/scientific-13-option-1.png
17-scientific-notation/scientific-13-option-2.png
17-scientific-notation/scientific-13-option-3.png
17-scientific-notation/scientific-13-option-4.png
17-scientific-notation/scientific-13.png
17-scientific-notation/scientific-14-option-1.png
17-scientific-notation/scientific-14-option-2.png
17-scientific-notation/scientific-14-option-3.png
17-scientific-notation/scientific-14-option-4.png
17-scientific-notation/scientific-14.png
17-scientific-notation/scientific-15.png
17-scientific-notation/scientific-16.png
18-pythagorean/pythagorean-1.png
18-pythagorean/pythagorean-2.png
18-pythagorean/pythagorean-3.png
18-pythagorean/pythagorean-4.png
18-pythagorean/pythagorean-5.png
18-pythagorean/pythagorean-6.png
18-pythagorean/pythagorean-7.png
18-pythagorean/pythagorean-8.png
18-pythagorean/pythagorean-10.png
18-pythagorean/pythagorean-12.png
18-pythagorean/pythagorean-13.png
19-numberline/number-line-1.png
20-negative-and-positive-numbers/numbernegativepositive-11.png
20-negative-and-positive-numbers/numbernegativepositive-12.png
20-negative-and-positive-numbers/numbernegativepositive-13.png
20-negative-and-positive-numbers/numbernegativepositive-14.png
20-negative-and-positive-numbers/numbernegativepositive-15.png
41-decimals-money-and-expressions/decimals-moneyexpressions-1.png
45-decimals-place/decimal-place-value-1.png
46-decimals-rounding/decimal-round-1.png
47-decimals-hundredth/hundredths-49.png
115-exponents/exponent-1.png
115-exponents/exponent-2.png
115-exponents/exponent-3.png
115-exponents/exponent-4.png
115-exponents/exponent-5.png
115-exponents/exponent-6.png
115-exponents/exponent-7.png
115-exponents/exponent-8.png
115-exponents/exponent-9.png
115-exponents/exponent-10.png
115-exponents/exponent-11.png
115-exponents/exponent-12.png
115-exponents/exponent-13.png
115-exponents/exponent-14.png
115-exponents/exponent-15.png
115-exponents/exponent-16.png
115-exponents/exponent-17.png
115-exponents/exponent-18.png
115-exponents/exponent-19.png
115-exponents/exponent-20.png
155-volume/volume-1.png
155-volume/volume-2.png
155-volume/volume-3.png
155-volume/volume-9.png
155-volume/volume-13.png
1-sentences-fragments/sentences-fragments-rules-1-26.png
2-sentences-words-that-end-in-ing/words-that-end-in-ing-1-10.png
3-plural/plural-1.png
3-plural/plural-2.png
3-plural/plural-3.png
3-plural/plural-4.png
3-plural/plural-5.png
3-plural/plural-6.png
3-plural/plural-7.png
3-plural/plural-8.png
3-plural/plural-9.png
3-plural/plural-10.png
3-plural/plural-11.png
3-plural/plural-12.png
3-plural/plural-13.png
3-plural/plural-14.png
3-plural/plural-15.png
3-plural/plural-16.png
3-plural/plural-17.png
3-plural/plural-18.png
3-plural/plural-19.png
3-plural/plural-20.png
3-plural/plural-21.png
4-verbs/1-students-1-20.png
4-verbs/2-claire-1-20.png
4-verbs/3-rule-1-1-20.png
4-verbs/4-rule-2-1-20.png
4-verbs/5-rule-3-1-30.png
4-verbs/6-rule-4-1-20.png
4-verbs/7-rule-5-1-20.png
4-verbs/8-rule-6-1-20.png
4-verbs/9-rule-7-1-10.png
4-verbs/10-rule-8-1-10.png
4-verbs/11-rule-9-1-10.png
4-verbs/12-rule-10-1-10.png
4-verbs/13-football-1-26.png
4-verbs/14-church-bells-1-56.png
4-verbs/15-verb-tense-dvr-1-7.png
5-commas/comma-rule-1.png
5-commas/comma-rule-2.png
5-commas/comma-rule-3.png
5-commas/comma-rule-4.png
5-commas/denver-1-54.png
6-capitalization/capitalization-1-10.png
images-eng-soc-extended-responses/1-redskins.png
images-eng-soc-extended-responses/2-lincoln.png
images-eng-soc-extended-responses/3-apartheid.png
images-eng-soc-extended-responses/4-cold-war.png
images-eng-soc-extended-responses/5-kennedy.png
images-eng-soc-extended-responses/6-mandela.png
images-eng-soc-extended-responses/7-trail-page-1.png
images-eng-soc-extended-responses/8-trail-page-2.png
images-eng-soc-questions/1-section-11-13-14.png
images-eng-soc-questions/2-section-15-crossword-clues.png
images-eng-soc-questions/3-section-15-crossword-answers.png
images-eng-soc-questions/4-section-15-crossword-blank.png
images-eng-soc-worksheets/1-literacy-rate-1-10.png
images-eng-soc-worksheets/2-antarctica-1-6.png
images-eng-soc-worksheets/3-colonization-1-6.png
images-eng-soc-worksheets/4-hemispheres-1-8.png
images-eng-soc-worksheets/5-manifest-destiny-1-3.png
images-eng-soc-worksheets/6-westward-1-4.png
images-eng-soc-worksheets/7-politics-1.png
images-eng-soc-worksheets/8-politics-2.png
images-eng-soc-worksheets/9-politics-3-5.png
images-eng-soc-worksheets/10-politics-6-10.png
images-eng-soc-worksheets/11-political-parties-1-2.png
images-eng-soc-worksheets/12-political-parties-3.png
images-eng-soc-worksheets/13-cartoon-1-2.png
images-eng-soc-worksheets/14-cartoon-3-5.png
images-eng-soc-worksheets/15-cartoon-6-8.png
images-eng-soc-worksheets/16-cartoon-9.png
images-eng-soc-worksheets/17-economics-1-4.png
images-eng-soc-worksheets/18-law-supply-and-demand-1-6.png
images-eng-soc-worksheets/19-industry-1-6.png
images-eng-soc-worksheets/20-industry-7-9.png
images-eng-sci-extended-responses/1-technology.png
images-eng-sci-extended-responses/2-earthworms.png
images-eng-sci-extended-responses/3-global-warming.png
images-eng-sci-extended-responses/4-photosynthesis.png
images-eng-sci-extended-responses/5-rainforests.png
images-eng-sci-extended-responses/6-experiment.png
images-eng-sci-extended-responses/7-water-cycle.png
images-eng-sci-questions/eng-sci-questions-2-crossword.png
images-eng-sci-questions/eng-sci-questions-4-crossword.png
images-eng-sci-questions/eng-sci-questions-15-1.png
images-eng-sci-questions/eng-sci-questions-15-2.png
images-eng-sci-questions/eng-sci-questions-15-3.png
images-eng-sci-questions/eng-sci-questions-15-4.png
images-eng-sci-questions/eng-sci-questions-15-5.png
images-eng-sci-questions/eng-sci-questions-15-6.png
images-eng-sci-questions/eng-sci-questions-18-crossword.png
images-eng-sci-questions/eng-sci-questions-19-4.png
images-eng-sci-questions/eng-sci-questions-19-5.png
images-eng-sci-worksheets/1-technology.png
images-eng-sci-worksheets/2-earthworms.png
images-eng-sci-worksheets/3-global-warming.png
images-eng-sci-worksheets/4-photosynthesis.png
images-eng-sci-worksheets/5-rainforests.png
images-eng-sci-worksheets/6-experiment.png
images-eng-sci-worksheets/7-water-cycle.png
images-eng-sci-worksheets/8-heart-diagram.jpg
images-eng-sci-worksheets/9-heart-review.jpg
images-eng-sci-worksheets/10-science-crossword-blank.png
images-eng-sci-worksheets/11-science-crossword-clues.jpg
images-eng-sci-worksheets/12-science-crossword-answers.jpg
images-eng-sci-worksheets/13-scientific-method-leech-1-5.jpg
images-eng-sci-worksheets/14-scientific-method-left-hand-6-10.png
images-eng-sci-worksheets/15-scientific-method-11-15.jpg
images-eng-sci-worksheets/16-scientific-method-coffee-16-20.jpg
images-eng-sci-worksheets/17-fact-1-10.png
images-eng-sci-worksheets/18-fact-geranium-11.jpg
images-eng-sci-worksheets/19-fact-pasteur-12.png
images-eng-sci-worksheets/20-fact-jane-13.jpg
images-eng-sci-worksheets/21-fact-germs-14-16.jpg
images-eng-sci-worksheets/22-fact-calories-17-19.jpg
images-eng-sci-worksheets/23-water-cycle-clouds-1-8.jpg
images-eng-sci-worksheets/24-water-cycle-earth-9-11.png
images-eng-sci-worksheets/25-photo-living-green-1-3.png
images-eng-sci-worksheets/26-photo-living-green-4-7.jpg
images-eng-sci-worksheets/27-photo-living-green-8-17.jpg
images-eng-sci-worksheets/28-photo-living-green-18.png
images-eng-sci-worksheets/29-photo-living-green-19.png
images-eng-sci-worksheets/30-photo-living-green-20.png
images-eng-sci-worksheets/31-photo-xylem-1-4.jpg
images-eng-sci-worksheets/32-photo-green-plants-1-26.png
images-eng-sci-worksheets/33-germs-1-11.png
images-eng-sci-worksheets/34-classification-1-9.png
images-eng-sci-worksheets/35-reproduction-1-18.png
images-eng-sci-worksheets/36-ecosystem-1-5.png
images-eng-sci-worksheets/37-ecosystem-6-10.png
images-eng-sci-worksheets/38-energy-1-5.png
images-eng-sci-worksheets/39-food-chain-1-5.png
