1-sp-place-value/lugar-de-posicion-1.png
1-sp-place-value/2-sp-rounding/redondear-1.png
3-sp-patterns/modelo-1.png
3-sp-patterns/modelo-2.png
3-sp-patterns/modelo-3.png
3-sp-patterns/modelo-4.png
3-sp-patterns/modelo-5.png
3-sp-patterns/modelo-6.png
3-sp-patterns/modelo-7.png
3-sp-patterns/modelo-8.png
3-sp-patterns/modelo-9.png
3-sp-patterns/modelo-10.png
3-sp-patterns/modelo-11.png
3-sp-patterns/modelo-12.png
3-sp-patterns/modelo-13.png
4-sp-fractions-common-denom/common-denom-1.png
4-sp-fractions-common-denom/common-denom-2.png
4-sp-fractions-common-denom/common-denom-3.png
4-sp-fractions-common-denom/common-denom-4.png
4-sp-fractions-common-denom/common-denom-5.png
4-sp-fractions-common-denom/common-denom-6.png
4-sp-fractions-common-denom/common-denom-7.png
4-sp-fractions-common-denom/common-denom-8.png
4-sp-fractions-common-denom/common-denom-9.png
4-sp-fractions-common-denom/common-denom-10.png
4-sp-fractions-common-denom/common-denom-11.png
4-sp-fractions-common-denom/common-denom-12.png
4-sp-fractions-common-denom/common-denom-13.png
4-sp-fractions-common-denom/common-denom-14.png
4-sp-fractions-common-denom/common-denom-15.png
4-sp-fractions-common-denom/common-denom-16.png
5-sp-probability/probability-4.png
5-sp-probability/probability-5.png
5-sp-probability/probability-6.png
5-sp-probability/probability-11.png
6-sp-proportions-set up/proportion-set-up-1.png
6-sp-proportions-set up/proportion-set-up-2.png
6-sp-proportions-set up/proportion-set-up-3.png
6-sp-proportions-set up/proportion-set-up-4.png
6-sp-proportions-set up/proportion-set-up-5.png
6-sp-proportions-set up/proportion-set-up-6.png
6-sp-proportions-set up/proportion-set-up-7.png
6-sp-proportions-set up/proportion-set-up-8.png
7-sp-proportions-shadows-and-triangles/shadows-and-triangles-1.png
7-sp-proportions-shadows-and-triangles/shadows-and-triangles-2.png
7-sp-proportions-shadows-and-triangles/shadows-and-triangles-3.png
7-sp-proportions-shadows-and-triangles/shadows-and-triangles-4.png
7-sp-proportions-shadows-and-triangles/shadows-and-triangles-5.png
7-sp-proportions-shadows-and-triangles/shadows-and-triangles-6.png
7-sp-proportions-shadows-and-triangles/shadows-and-triangles-7.png
7-sp-proportions-shadows-and-triangles/shadows-and-triangles-8.png
7-sp-proportions-shadows-and-triangles/shadows-and-triangles-9.png
7-sp-proportions-shadows-and-triangles/shadows-and-triangles-10.png
7-sp-proportions-shadows-and-triangles/shadows-and-triangles-12.png
7-sp-proportions-shadows-and-triangles/shadows-and-triangles-14.png
7-sp-proportions-shadows-and-triangles/shadows-and-triangles-16.png
7-sp-proportions-shadows-and-triangles/shadows-and-triangles-17.png
7-sp-proportions-shadows-and-triangles/shadows-and-triangles-18.png
7-sp-proportions-shadows-and-triangles/shadows-and-triangles-20.png
8-sp-angles-dbc/angle-dbc-1.png
8-sp-angles-dbc/angle-dbc-2.png
8-sp-angles-dbc/angle-dbc-3.png
8-sp-angles-dbc/angle-dbc-4.png
8-sp-angles-dbc/angle-dbc-5.png
8-sp-angles-dbc/angle-dbc-6.png
8-sp-angles-dbc/angle-dbc-7.png
8-sp-angles-dbc/angle-dbc-8.png
8-sp-angles-dbc/angle-dbc-9.png
8-sp-angles-dbc/angle-dbc-10.png
8-sp-angles-dbc/angle-dbc-11.png
8-sp-angles-dbc/angle-dbc-12.png
8-sp-angles-dbc/angle-dbc-13.png
8-sp-angles-dbc/angle-dbc-14.png
8-sp-angles-dbc/angle-dbc-15.png
8-sp-angles-dbc/angle-dbc-16.png
8-sp-angles-dbc/angle-dbc-17.png
8-sp-angles-dbc/angle-dbc-18.png
8-sp-angles-dbc/angle-dbc-19.png
8-sp-angles-dbc/angle-dbc-20.png
8-sp-angles-dbc/angle-dbc-21.png
8-sp-angles-dbc/angle-dbc-23.png
8-sp-angles-dbc/angle-dbc-24.png
8-sp-angles-dbc/angle-dbc-25.png
9-sp-triangles-1/1-triangles-1.png
9-sp-triangles-1/1-triangles-2.png
9-sp-triangles-1/1-triangles-3.png
9-sp-triangles-1/1-triangles-4.png
9-sp-triangles-1/1-triangles-5.png
9-sp-triangles-1/1-triangles-6.png
9-sp-triangles-1/1-triangles-7.png
9-sp-triangles-1/1-triangles-8.png
9-sp-triangles-1/1-triangles-9.png
9-sp-triangles-1/1-triangles-10.png
9-sp-triangles-1/1-triangles-11.png
16-sp-review-after-perimeterareavolume/review-after-perimeter-area-volume-1.png
16-sp-review-after-perimeterareavolume/review-after-perimeter-area-volume-3.png
16-sp-review-after-perimeterareavolume/review-after-perimeter-area-volume-7.png
16-sp-review-after-perimeterareavolume/review-after-perimeter-area-volume-11.png
16-sp-review-after-perimeterareavolume/review-after-perimeter-area-volume-14.png
16-sp-review-after-perimeterareavolume/review-after-perimeter-area-volume-15.png
16-sp-review-after-perimeterareavolume/review-after-perimeter-area-volume-16.png
16-sp-review-after-perimeterareavolume/review-after-perimeter-area-volume-18.png
16-sp-review-after-perimeterareavolume/review-after-perimeter-area-volume-20.png
16-sp-review-after-perimeterareavolume/review-after-perimeter-area-volume-21.png
16-sp-review-after-perimeterareavolume/review-after-perimeter-area-volume-26.png
16-sp-review-after-perimeterareavolume/review-after-perimeter-area-volume-27.png
16-sp-review-after-perimeterareavolume/review-after-perimeter-area-volume-28.png
16-sp-review-after-perimeterareavolume/review-after-perimeter-area-volume-31.png
16-sp-review-after-perimeterareavolume/review-after-perimeter-area-volume-34.png
16-sp-review-after-perimeterareavolume/review-after-perimeter-area-volume-35.png
16-sp-review-after-perimeterareavolume/review-after-perimeter-area-volume-38.png
16-sp-review-after-perimeterareavolume/review-after-perimeter-area-volume-39.png
16-sp-review-after-perimeterareavolume/review-after-perimeter-area-volume-48.png
16-sp-review-after-perimeterareavolume/review-after-perimeter-area-volume-56.png
17-sp-scientific-notation/sp-scientific-1-option-1.png
17-sp-scientific-notation/sp-scientific-1-option-2.png
17-sp-scientific-notation/sp-scientific-1-option-3.png
17-sp-scientific-notation/sp-scientific-1-option-4.png
17-sp-scientific-notation/sp-scientific-1.png
17-sp-scientific-notation/sp-scientific-2-option-1.png
17-sp-scientific-notation/sp-scientific-2-option-2.png
17-sp-scientific-notation/sp-scientific-2-option-3.png
17-sp-scientific-notation/sp-scientific-2-option-4.png
17-sp-scientific-notation/sp-scientific-2.png
17-sp-scientific-notation/sp-scientific-3-option-1.png
17-sp-scientific-notation/sp-scientific-3-option-2.png
17-sp-scientific-notation/sp-scientific-3-option-3.png
17-sp-scientific-notation/sp-scientific-3-option-4.png
17-sp-scientific-notation/sp-scientific-3.png
17-sp-scientific-notation/sp-scientific-4-option-1.png
17-sp-scientific-notation/sp-scientific-4-option-2.png
17-sp-scientific-notation/sp-scientific-4-option-3.png
17-sp-scientific-notation/sp-scientific-4-option-4.png
17-sp-scientific-notation/sp-scientific-4.png
17-sp-scientific-notation/sp-scientific-5-option-1.png
17-sp-scientific-notation/sp-scientific-5-option-2.png
17-sp-scientific-notation/sp-scientific-5-option-3.png
17-sp-scientific-notation/sp-scientific-5-option-4.png
17-sp-scientific-notation/sp-scientific-5.png
17-sp-scientific-notation/sp-scientific-6-option-1.png
17-sp-scientific-notation/sp-scientific-6-option-2.png
17-sp-scientific-notation/sp-scientific-6-option-3.png
17-sp-scientific-notation/sp-scientific-6-option-4.png
17-sp-scientific-notation/sp-scientific-6.png
17-sp-scientific-notation/sp-scientific-7.png
17-sp-scientific-notation/sp-scientific-8.png
17-sp-scientific-notation/sp-scientific-9.png
17-sp-scientific-notation/sp-scientific-10.png
17-sp-scientific-notation/sp-scientific-11.png
17-sp-scientific-notation/sp-scientific-12.png
17-sp-scientific-notation/sp-scientific-13-option-1.png
17-sp-scientific-notation/sp-scientific-13-option-2.png
17-sp-scientific-notation/sp-scientific-13-option-3.png
17-sp-scientific-notation/sp-scientific-13-option-4.png
17-sp-scientific-notation/sp-scientific-13.png
17-sp-scientific-notation/sp-scientific-14-option-1.png
17-sp-scientific-notation/sp-scientific-14-option-2.png
17-sp-scientific-notation/sp-scientific-14-option-3.png
17-sp-scientific-notation/sp-scientific-14-option-4.png
17-sp-scientific-notation/sp-scientific-14.png
17-sp-scientific-notation/sp-scientific-15.png
17-sp-scientific-notation/sp-scientific-16.png
18-sp-pythagorean/sp-pythagorean-1.png
18-sp-pythagorean/sp-pythagorean-2.png
18-sp-pythagorean/sp-pythagorean-3.png
18-sp-pythagorean/sp-pythagorean-4.png
18-sp-pythagorean/sp-pythagorean-5.png
18-sp-pythagorean/sp-pythagorean-6.png
18-sp-pythagorean/sp-pythagorean-7.png
18-sp-pythagorean/sp-pythagorean-8.png
18-sp-pythagorean/sp-pythagorean-10.png
18-sp-pythagorean/sp-pythagorean-12.png
18-sp-pythagorean/sp-pythagorean-13.png
19-sp-numberline/number-line-1.png
20-sp-negative-and-positive-numbers/numbernegativepositive-11.png
20-sp-negative-and-positive-numbers/numbernegativepositive-12.png
20-sp-negative-and-positive-numbers/numbernegativepositive-13.png
20-sp-negative-and-positive-numbers/numbernegativepositive-14.png
20-sp-negative-and-positive-numbers/numbernegativepositive-15.png
43-sp-decimals-moneyexpressions/decimals-moneyexpressions-1.png
45-sp-decimals-place-value/place-value-decimals-1.png
46-sp-decimals-rounding/decimal-redondear-1.png
47-sp-decimals-centesimo/centesimo-49.png
48-sp-percents-pauline/percent-pauline-1.png
48-sp-percents-pauline/percent-pauline-6textclipping
1-span-sentence-fragments/span-sentence-fragments-1-26.png
2-span-words-that-end-in-ing/span-words-that-end-in-ing.png
3-span-verbs/1-span-verb-estudiante-1-20.png
3-span-verbs/2-span-verb-claire-1-20.png
3-span-verbs/3-span-verb-rule-1-1-20.png
3-span-verbs/4-span-verb-rule-2-1-20.png
3-span-verbs/5-span-verb-rule-3-1-30.png
3-span-verbs/6-span-verb-rule-4-1-20.png
3-span-verbs/7-span-verb-rule-5-1-20.png
3-span-verbs/8-span-verb-rule-6-1-20.png
3-span-verbs/9-span-verb-rule-7-1-10.png
3-span-verbs/10-span-verb-rule-8-1-10.png
3-span-verbs/11-span-verb-rule-9-1-10.png
3-span-verbs/12-span-verb-rule-10-1-10.png
3-span-verbs/13-span-futbol-1-26.png
3-span-verbs/14-span-campanas-1-58.png
3-span-verbs/15-span-dvr-1-7.png
4-antecedents/span-antecedents-1-25.png
5-span-commas/span-comma-rule-1-1-13.png
5-span-commas/span-comma-rule-2-1-32.png
5-span-commas/span-comma-rule-3-1-28.png
5-span-commas/span-comma-rule-4-1-32.png
5-span-commas/span-comma-rules-denver-1-54.png
6-span-capitalization/span-capitalization-1-10.png
6-span-capitalization/span-comma-rule-1-1-13.png
images-span-soc-extended-responses/1-span-redskins.png
images-span-soc-extended-responses/2-span-lincoln.png
images-span-soc-extended-responses/3-span-apartheid.png
images-span-soc-extended-responses/4-span-guerra-fria.png
images-span-soc-extended-responses/5-span-kennedy.png
images-span-soc-extended-responses/6-span-mandela.png
images-span-soc-extended-responses/7-span-trail-tears-page-1.png
images-span-soc-extended-responses/8-span-trail-tears-page-2.png
images-span-soc-questions/1-span-section-11-13-14.png
images-span-soc-questions/2-span-section-15-crossword-clues.png
images-span-soc-questions/3-span-section-15-crossword-answers.png
images-span-soc-questions/4-span-section-15-crossword-blank.png
images-span-soc-worksheets/1-span-literacy-1-10.png
images-span-soc-worksheets/2-span-antartcica-1-6.png
images-span-soc-worksheets/3-span-colonization-1-6.png
images-span-soc-worksheets/4-span-hemispheres-1-8.png
images-span-soc-worksheets/5-span-manifest-1-3.png
images-span-soc-worksheets/6-span-westward-1-4.png
images-span-soc-worksheets/7-span-politics-1.png
images-span-soc-worksheets/8-span-politics-2.png
images-span-soc-worksheets/9-span-politics-3-5.png
images-span-soc-worksheets/10-span-politics-6-10.png
images-span-soc-worksheets/11-span-political-parties-1-2.png
images-span-soc-worksheets/12-span-political-parties-3.png
images-span-soc-worksheets/13-span-cartoon-1-2.png
images-span-soc-worksheets/14-span-cartoon-3-5.png
images-span-soc-worksheets/15-span-cartoon-6-8.png
images-span-soc-worksheets/16-span-cartoon-9.png
images-span-soc-worksheets/17-span-economics-1-4.png
images-span-soc-worksheets/18-span-law-supply-1-6.png
images-span-soc-worksheets/19-span-industry-1-6.png
images-span-soc-worksheets/20-span-industry-7-9.png
images-span-sci-questions/span-section-2-crossword.png
images-span-sci-questions/span-section-3-wavelength-10.png
images-span-sci-questions/span-section-4-crossword.png
images-span-sci-questions/span-section-8-pyramid-6.png
images-span-sci-questions/span-section-15-temperatura-1.png
images-span-sci-questions/span-section-15-temperatura-2.png
images-span-sci-questions/span-section-15-temperatura-3.png
images-span-sci-questions/span-section-15-temperatura-4.png
images-span-sci-questions/span-section-15-temperatura-5.png
images-span-sci-questions/span-section-15-temperatura-6.png
images-span-sci-questions/span-section-18-crossword.png
images-span-sci-questions/span-section-19-globo-4.png
images-span-sci-questions/span-section-19-globo-5.png
images-span-sci-worksheets/8-span-sci-heart-diagram.png
images-span-sci-worksheets/9-span-sci-heart-review.png
images-span-sci-worksheets/10-span-sci-crossword-blank.png
images-span-sci-worksheets/11-span-sci-crossword-clues.png
images-span-sci-worksheets/12-span-sci-crossword-answers.png
images-span-sci-worksheets/13-span-sci-metodo-leech-1-5.png
images-span-sci-worksheets/14-span-sci-metodo-left-hand-6-10.png
images-span-sci-worksheets/15-span-sci-metodo-harp-seal-11-15.png
images-span-sci-worksheets/16-span-sci-metodo-coffee-16-20.png
images-span-sci-worksheets/17-span-sci-fact-1-10.png
images-span-sci-worksheets/18-span-sci-fact-geranium-11.png
images-span-sci-worksheets/19-span-fact-pasteur-12.png
images-span-sci-worksheets/20-span-sci-fact-jane-13.png
images-span-sci-worksheets/21-span-sci-fact-germs-14-16.png
images-span-sci-worksheets/22-span-sci-fact-calories-17-19.png
images-span-sci-worksheets/23-span-sci-water-cycle-clouds-1-8.png
images-span-sci-worksheets/24-span-sci-water-cycle-earth-11.png
images-span-sci-worksheets/25-span-sci-photo-living-green-1-3.png
images-span-sci-worksheets/26-span-sci-photo-living-green-4-7.png
images-span-sci-worksheets/27-span-sci-photo-living-green-8-17.png
images-span-sci-worksheets/28-span-sci-photo-living-green-18.png
images-span-sci-worksheets/29-span-sci-photo-living-green-19.png
images-span-sci-worksheets/30-span-sci-photo-living-green-20.png
images-span-sci-worksheets/31-span-sci-xylem-1-4.png
images-span-sci-worksheets/32-span-sci-photo-green-plants-1-26.png
images-span-sci-worksheets/33-span-sci-germs-page-1-1-11.png
images-span-sci-worksheets/34-span-sci-germs-page-2.png
images-span-sci-worksheets/35-span-sci-classification-1-12.png
images-span-sci-worksheets/36-span-sci-reproduction-1-18.png
images-span-sci-worksheets/37-span-sci-ecosystem-1-5.png
images-span-sci-worksheets/38-span-sci-ecosystem-6-10.png
images-span-sci-worksheets/39-span-sci-energy-1-5.png
images-span-sci-worksheets/span-1-technology.png
images-span-sci-worksheets/span-2-earth-worms.png
images-span-sci-worksheets/span-3-global-warming.png
images-span-sci-worksheets/span-4-photosynthesis.png
images-span-sci-worksheets/span-5-rain-forest.png
images-span-sci-worksheets/span-6-topsoil.png
images-span-sci-worksheets/span-7-water-cycle.png
images-span-sci-worksheets/span-33-sci-food-chain-1-5.png
