eng-mat-01-place-value
eng-mat-02-rounding-off
eng-mat-03-pattern
eng-mat-04-word-problems
eng-mat-05-word-problems-unneeded-information
eng-mat-06-finding-average-and-range
eng-mat-07-average-difficult
eng-mat-08-median
eng-mat-09-order-of-operations
eng-mat-10-expressions
eng-mat-11-fractions-reduce
eng-mat-12-fractions-write
eng-mat-13-fractions-types
eng-mat-14-fractions-common-denominators
eng-mat-15-fractions-add-subtract-arrange-1
eng-mat-15-fractions-add-subtract-arrange-2-review
eng-mat-16-fractions-multiply
eng-mat-17-ratios
eng-mat-18-decimals-place-value
eng-mat-19-decimals-add-subtract-arrange
eng-mat-20-decimals-multiply
eng-mat-21-decimals-division-1
eng-mat-22-decimals-division-2
eng-mat-23-decimals-change-fractions-to-decimals-1
eng-mat-24-decimals-review
eng-mat-25-percents-change-percent-to-decimal
eng-mat-26-percents-find-percent-of-a-number
eng-mat-27-percents-expressions
eng-mat-28-percents-find-interest
eng-mat-29-percents-find-what-percent
eng-mat-30-percents-review
eng-mat-31-probability
eng-mat-32-algebra-proportion-setting-up
eng-mat-33-algebra-proportions-word-problems
eng-mat-34-algebra-proportions-difficult
eng-mat-35-algebra-proportions-triangle-shadow
eng-mat-36-geometry-angles
eng-mat-37-geometry-triangles
eng-mat-38-geometry-perimeter
eng-mat-39-geometry-circumference
eng-mat-40-geometry-powers
eng-mat-41-geometry-square-root-and-radicals
eng-mat-42-geometry-area
eng-mat-43-geometry-volume
eng-mat-435-geometry-surface-area
eng-mat-44-geometry-scientific-notation-1
eng-mat-44-geometry-scientific-notation-2
eng-mat-44-geometry-scientific-notation-3
eng-mat-44-geometry-scientific-notation-4
eng-mat-45-geometry-pythagorean
eng-mat-46-geometry-number-line
eng-mat-47-geometry-number-line_negative-numbers
eng-mat-48-coordinates
eng-mat-49-calendar
eng-mat-50-clock
eng-mat-51-solving-equations-and-expressions
eng-sci-01-science-test-breakdown
eng-sci-02-heart
eng-sci-03-fact-hypothesis-opinion
eng-sci-04-photosynthesis
eng-sci-05-water-cycle
eng-sci-06-germs
eng-sci-07-classification
eng-sci-08-energy
eng-sci-09-food-chain
eng-sci-10-reproduction-in-flowers
eng-sci-11-ecosystems
eng-sci-12-earthquakes-tsunamis
eng-social-01-test-breakdown
eng-social-02-extended-responses
eng-social-03-literacy
eng-social-04-continents
eng-social-05-prime-meridian-equator
eng-social-06-manifest-destiny
eng-social-07-checks-and-balances
eng-social-08-abigail-adams-suffrage-movement
eng-social-09-political-cartoons
eng-social-10-economics
eng-social-11-intro-to-sections
eng-writ-01-sentences-complete-part-1
eng-writ-02-sentences-complete-part-2-and-3
eng-writ-03-sentences-simulated-questions
eng-writ-04-sentence-fragments
eng-writ-05-sentences-words-end-in-ing
eng-writ-06-plural-nouns
eng-writ-07-apostrophe-possessive-plural
eng-writ-08-apostrophe-contractions
eng-writ-09-apostrophe-review
eng-writ-10-pronouns
eng-writ-11-homonym-theyre-their-there-youre-your
eng-writ-12-homonym-its-its-whos-whose
eng-writ-13-homonyms-to-too-two
eng-writ-14-spelling
eng-writ-15-verb-it-they
eng-writ-16-verb-rule-1-and
eng-writ-17-verb-rule-2-commas
eng-writ-18-verb-rule-3-prepositions
eng-writ-19-verb-rule-4-here-there
eng-writ-20-doesnt-dont
eng-writ-21-verb-rule-5-or-nor-but-also
eng-writ-22-verb-rule-6-everybody
eng-writ-23-verb-rule-7-end-in-ing
eng-writ-24-verb-rule-8-always-singular-subjects
eng-writ-25-verb-rule-9-always-plural-subjects-use
eng-writ-26-verb-rule-10-fickle-use
eng-writ-27-verb-review-10-rules
eng-writ-28-verb-tense-chart
eng-writ-29-verb-tense-usage
eng-writ-30-verb-tense-in-a-passage
eng-writ-31-verb-antecedents
eng-writ-32-verb-antecedent-review
eng-writ-33-comma-rule-1
eng-writ-34-comma-rule-2
eng-writ-35-comma-rule-3
eng-writ-36-comma-rule-4
eng-writ-37-parallel-construction
eng-writ-38-misplaced-modifiers
eng-writ-39-dangling-modifiers
eng-writ-40-capitalization
eng-writ-41-extended-response-abortion
eng-writ-42-extended-response-minimum-wage
span-mat-01-lugar-de-posicion
span-mat-02-redondear
span-mat-03-patrones
span-mat-04-problemas-de-palabra
span-mat-05-problemas-de-palabra-informacion-innecesaria
span-mat-06-promedio-and-variedad
span-mat-07-promedio-dificil
span-mat-08-mediana
span-mat-09-orden-de-operaciones
span-mat-10-expresiones
span-mat-11-fracciones-reduce
span-mat-12-fracciones-escribe
span-mat-13-fracciones-tipos
span-mat-14-fracciones-denominadores
span-mat-151-fracciones-suma-resta-arregla
span-mat-152-fracciones-suma-resta-arregla-revisa
span-mat-16-fracciones-multiplica
span-mat-17-razones
span-mat-19-decimales-suma-resta-arregla
span-mat-20-decimales-multiplica
span-mat-21-decimales-division-1
span-mat-22-decimales-division-2
span-mat-23-decimales-cambia-fracciones-a-decimales
span-mat-24-decimales-revisa
span-mat-25-porcientos-cambia-porciento-a-decimal
span-mat-26-porcientos-encuentra-porciento-de-numero
span-mat-27-porcientos-expresiones
span-mat-28-porcientos-interes
span-mat-29-porcientos-que-porciento
span-mat-30-porcientos-revisa
span-mat-31-probabilidad
span-mat-32-algebra-proporciones-establecer
span-mat-33-algebra-proporciones-problemas-de-palabra
span-mat-34-algebra-proporciones-dificil
span-mat-35-algebra-proporciones-triangulos_sombras
span-mat-36-geometria-angulos
span-mat-37-geometria-triangulos
span-mat-38-geometria-perimetro
span-mat-39-geometria-circunferencia
span-mat-40-geometria-poderes
span-mat-41-geometria-raiz-cuadrada
span-mat-42-geometria-area
span-mat-43-geometria-volumen
span-mat-435-geometria-area-superficie
span-mat-44-geometria-notacion-cientifica-1
span-mat-44-geometria-notacion-cientifica-2
span-mat-44-geometria-notacion-cientifica-3
span-mat-44-geometria-notacion-cientifica-4
span-mat-45-geometria-pitagora
span-mat-46-geometria-linea-numerica
span-mat-47-geometria-number-line-negative-numbers
span-mat-48-coordenadas
span-mat-49-calendario
span-mat-50-reloj
span-mat-51-solving-equations-and-expressions
span-sci-01-science-test-breakdown
span-sci-02-heart
span-sci-03-fact-hypothesis-opinion
span-sci-04-photosynthesis
span-sci-05-water-cycle
span-sci-06-germs
span-sci-07-classification
span-sci-08-energy
span-sci-09-food-chain
span-sci-10-reproduction-in-flowers
span-sci-11-ecosystems
span-sci-12-earthquakes-tsunamis
span-social-01-test-breakdown
span-social-02-extended-responses
span-social-03-literacy
span-social-04-continents
span-social-05-prime-meridian-equator
span-social-06-manifest-destiny
span-social-07-checks-and-balances
span-social-08-abigail-adams-suffrage-movement
span-social-09-caricaturas
span-social-10-economics
span-social-11-intro-to-sections
